Name_of_Br,xcoord,ycoord
Ghagi Pula,87.5254166670001,26.462305556
Dhadari Pul,87.494583333,26.4609722220001
Duduwa Khola,87.2614722220001,26.456361111
Bramapura Khola,87.257972222,26.4562500000001
Kesaliya Khola,87.245222222,26.449638889
Tengra,87.2229722220001,26.4542222220001
Budhi Khola,87.1721388890001,26.451361111
Ghordabe,86.7149444440001,26.545888889
Karaha,86.7028333330001,26.5499722220001
Koshi,86.6805555560001,26.557944444
Tamanasiya,86.4536944440001,26.6020833330001
Kalyan olahidhar,86.398611111,26.6129722220001
Trishula,86.3491666670001,26.6228055560001
Gagan -2,86.3032777780001,26.626916667
Galchho,86.2910555560001,26.629333333
Saraha,86.2717222220001,26.6358611110001
Themu Khola,86.217,26.6521666670001
Tamor,87.7084444440001,27.1523888890001
Arun Khola,87.2676666670001,27.1395000000001
Ashina Khola,87.0869166670001,27.199138889
Dhaula Bridge,87.9998333330001,26.6147777780001
Simanti Bridge,88.0017777780001,26.613694444
Harchana Bridge,88.0232777780001,26.603388889
Kukurbhuka,88.027194444,26.600888889
Debniya Bridge,88.0473055560001,26.5857777780001
Jura Pani,87.7160000000001,26.4935833330001
Lal pani,87.7129166670001,26.5943611110001
Gaira,87.708888889,26.616861111
Koshi Nahar,86.876277778,26.538694444
Koshi Bridge,86.8633055560001,26.511916667
Mahuli,86.853166667,26.508861111
Inerwa-1,86.848083333,26.509083333
Inerwa-2,86.8462222220001,26.5090555560001
Manaspur,86.8370000000001,26.5111944440001
Jita Manaspur,86.827194444,26.5128333330001
Dhobighat(Sarajpur),86.818222222,26.5139722220001
Canal Crossing,86.8100277780001,26.5181666670001
Jita Bridge,86.796805556,26.521666667
Khando Branch,86.793166667,26.5231944440001
Khando,86.7872222220001,26.522777778
Jharuwa,86.7835277780001,26.5273888890001
jhalahi,86.772222222,26.5315555560001
Pump Canal,86.7648333330001,26.5326666670001
Bhaluwai,86.752722222,26.5349166670001
Koshi Pump nahar,86.7438888890001,26.5625833330001
Bhaluwahi,86.7487500000001,26.530861111
Koshi nahar,86.7475833330001,26.5014722220001
Bhaluwahi,86.758305556,26.474722222
Tiljuga,86.7704166670001,26.459083333
Kamala Nahar,86.2570277780001,26.732361111
Kamala Nahar-1,86.2017777780001,26.6387777780001
Kamala Nahar-2,86.201138889,26.6370000000001
Kamala Nahar-3,86.2007500000001,26.6365277780001
Singhyia,87.2970000000001,26.459416667
Kukurpula,87.3058333330001,26.460583333
Kalibhasa,87.3200555560001,26.4649166670001
Madhura,87.3326944440001,26.4658055560001
Judi,87.3374444440001,26.4655000000001
Lohandra,87.3579722220001,26.46975
Kadhmaha,87.3713888890001,26.472
Dadar Baria-1,87.3851388890001,26.4721666670001
Dadar Baria-2,87.3964722220001,26.4723611110001
kersia Gadiya,87.4068888890001,26.471388889
Bhaluwahi,87.4328611110001,26.4695833330001
Cheka,87.4550833330001,26.4654166670001
Chesang,87.4711111110001,26.466111111
Bakra Branch,87.4774444440001,26.4646666670001
Bakra,87.479555556,26.464472222
Jirikhimti-1,87.4760277780001,27.174611111
Jirikhimti-2,87.4776944440001,27.177027778
Khahare-1,86.2726666670001,26.874861111
Khahare-2,86.2721111110001,26.878805556
Khahare-3,86.2632222220001,26.889666667
Naujanako Chihan,86.2609444440001,26.891333333
Aahale,86.2700277780001,26.916472222
Narange,86.2757777780001,26.9264166670001
Mateu khahare,86.2986111110001,26.947194444
Hadiya Khola,86.3313055560001,26.957555556
Jurpaniya,86.3477222220001,26.9560000000001
Tawa Khola,86.3686111110001,26.9578333330001
Nainekhadi,86.3926666670001,26.992666667
Maruwa Khola,86.3989444440001,26.992666667
Sunkoshi,86.4006944440001,27.1711111110001
Piluwa Khola,87.3210833330001,27.2662777780001
Sawa Khola,87.2131944440001,27.288444444
Tengri,87.2701750000001,26.5715555560001
Tengra,87.2296388890001,26.581111111
vatiya,87.21925,26.587305556
Maria,87.2064722220001,26.5951944440001
Jwala Maria,87.205027778,26.5963611110001
Barchaba Paini,87.2023333330001,26.5979444440001
Gadang,87.1894444440001,26.604
Dattakicha,87.1931944440001,26.688777778
Singhiya,87.1914166670001,26.6973611110001
Canal crossing,87.1908333330001,26.709722222
Canal escape,87.1903055560001,26.7105
Sunsari,87.1860833330001,26.716972222
Pidari,87.1805833330001,26.7252222220001
Canal escape,87.1698888890001,26.7391111110001
Pulah,87.16425,26.742361111
Belapul,87.1573611110001,26.744611111
Canal crossing,87.1537777780001,26.7514722220001
Bishadi,87.1582222220001,26.7835000000001
Satrahddi,87.1566388890001,26.7921111110001
Patnali,87.154722222,26.8010833330001
Karam Khola,87.157555556,26.815138889
Gauri,87.156972222,26.822444444
Bramananda Khola,87.161472222,26.871777778
Gauri,87.159555556,26.8231666670001
Trijuga,86.9447222220001,26.7411111110001
Chandra canal,86.9327500000001,26.735916667
Trijuga,86.8812500000001,26.7944444440001
Dwar Khola-2,86.8650555560001,26.795361111
Deodhar,86.8275,26.807666667
Timai,86.808527778,26.8015
Ghormuna,86.7938333330001,26.7876666670001
Ikra nala,86.7849166670001,26.7833055560001
Dumarpatti,86.6666388890001,26.8153055560001
Sarswoti,86.6443055560001,26.821416667
Manwasi Khola,86.4994722220001,26.920888889
Aaduwa Khola,87.993444444,26.6566388890001
Jaggira,87.6164444440001,26.428527778
Kajla,87.6149444440001,26.439916667
Holi(Aamdada),87.614055556,26.509166667
Gebriya,87.49625,26.5447222220001
Bedmari,87.4916111110001,26.501916667
Bakra,87.489861111,26.474222222
Kali Khola-1,87.3808611110001,26.657
Kali Khola-2,87.3803333330001,26.654138889
Kisti Khola,87.3695277780001,26.607555556
Chatava Canal,87.36325,26.587472222
Canal Crossing,87.349472222,26.5566666670001
RangdhaPaini,87.32,26.513916667
Singhiya Khola,87.293111111,26.5006388890001
Sunsari Mariya,87.1214722220001,26.545694444
Mariya -2,87.1178333330001,26.5215555560001
Chandra canal escape-1,86.9386111110001,26.729
Tengra,86.9388888890001,26.7167777780001
Chandra canal escape-2,86.9449166670001,26.704138889
Gangajali,86.9411944440001,26.696833333
Chandra canal escape-3,86.9388611110001,26.6888611110001
Chandra canal escape-4,86.9354166670001,26.690277778
Paradhar-1,86.9318888890001,26.670638889
Paradhar-2,86.919027778,26.650611111
Ghoal,86.9171944440001,26.6457500000001
Chandra canal,86.9050000000001,26.628
Mahuli,86.8686111110001,26.5963055560001
Jharanakaderi,86.8580000000001,26.5963055560001
Jharana,86.8000000000001,26.5766944440001
Mauwa,86.7946111110001,26.574166667
Khando,86.7824444440001,26.564638889
Kosi nahar (West),86.7640000000001,26.549
Bhaluwahi,86.7548888890001,26.546472222
Koshi canal,86.7259722220001,26.4981666670001
Bhaluwa Paini,86.6592500000001,26.6145000000001
Khorhodiya,86.62325,26.5220277780001
Koshi canal,86.617666667,26.5056111110001
Pump Canal,86.58475,26.5603055560001
vented Cause way,86.3638333330001,26.7048055560001
Jharana,86.3646388890001,26.700194444
Khal,86.365194444,26.6972777780001
Kusaha,86.3670000000001,26.6856388890001
Leguwa Khola,87.275861111,27.1490833330001
Kewa Khola,87.2643333330001,27.1819166670001
Piluwa Khola,87.2421388890001,27.215583333
Siddhi Khola,88.1040000000001,26.8910000000001
Mai Khola,87.9500000000001,27.0430000000001
Ratuwa,87.698,26.724
Pump Canal,86.6755833330001,26.556472222
Koshi Nahar,86.6780000000001,26.496
Kamala Canal,86.130555556,26.8789722220001
Chamnath,86.0991388890001,26.890527778
Baluwa,86.0640000000001,26.896333333
Jagadav Branch,86.0140277780001,26.9177222220001
Jagadav,86.011361111,26.9168611110001
Jalad,85.9985833330001,26.9149166670001
Aurahi,85.9819444440001,26.924305556
Basai,85.9659444440001,26.927666667
Sukhajor,85.946888889,26.9397222220001
Barahari,85.9308888890001,26.952222222
Ratu,85.9116666670001,26.983166667
Ratu Chahara,85.903111111,26.986472222
Bhapsi,85.8828888890001,26.993555556
Atabbe,85.8725277780001,26.9963888890001
Janga,85.8582777780001,27.0003055560001
Gaushala,85.8551388890001,27.001027778
Gadhanta,85.8522222220001,27.0019722220001
Belgachhi,85.818055556,27.0041944440001
Tuteshwor,85.810777778,27.005194444
Tuteshwor - 2,85.808833333,27.0055833330001
Maraha,85.7958888890001,27.004361111
no name,85.7846944440001,27.007111111
Dholan,85.779472222,27.0083333330001
Jarlahi,85.7628888890001,27.011333333
Batuwa,85.7488888890001,27.0128611110001
Bankhe,85.7417500000001,27.013861111
Amuwa,85.713916667,27.022
Phuljor,85.6736388890001,27.0357222220001
Kalinjor - 1,85.6612500000001,27.045083333
Kalinjor - 2,85.6534444440001,27.047388889
Betini,85.6405,27.051
Dumdume,85.6275000000001,27.052083333
Bastipur,85.6188611110001,27.057388889
Lakhandei,85.5846388890001,27.073916667
Chapani,85.5761944440001,27.084972222
Bastol,85.5667222220001,27.0868888890001
Sukhapokhari,85.537861111,27.0930000000001
Harion,85.5207777780001,27.101194444
Dumajor,85.5020000000001,27.1127500000001
Godari,85.4905277780001,27.122722222
Bagmati East,85.485444444,27.129166667
Bagmati,85.481777778,27.132166667
Bagmati West,85.4744166670001,27.1359722220001
Gairi,85.471444444,27.134916667
Gairi Khola,85.4636944440001,27.131027778
Paurai,85.441305556,27.1172500000001
Lachkan,85.4270000000001,27.1119722220001
Katha Ko Pul,85.384972222,27.1079722220001
Chandi,85.3718888890001,27.113111111
Dhou,85.3529722220001,27.12375
Jungle Tole,85.3477777780001,27.1289444440001
Amu -1,85.3331111110001,27.1370833330001
Amu - 2,85.3214444440001,27.1408888890001
Kathi,85.3043333330001,27.1465277780001
Lamaha,85.2958055560001,27.149472222
Kali Khola,85.288722222,27.1518333330001
Dhansasr,85.241305556,27.153111111
Lamopul,85.214527778,27.1648888890001
Bhamara,85.2025833330001,27.171444444
Rampul,85.198833333,27.1736666670001
Bakeya,85.1711388890001,27.1803333330001
Unasi,85.1518333330001,27.1791944440001
Terhakilo,85.1072500000001,27.1668888890001
Barahakilo,85.0970277780001,27.164833333
Pasaha,85.0726111110001,27.1677222220001
Pasaha Branch,85.0700833330001,27.1685000000001
Bangandi,85.0606111110001,27.1718611110001
Balganga,85.037888889,27.1797222220001
Baijura,85.018833333,27.186305556
Dudhaura,85.012444444,27.188472222
Dhungre - 1,85.0039166670001,27.191333333
Dhungre - 2,85.0015000000001,27.192194444
Tin Number,84.9861666670001,27.1975
Dui Number,84.9919722220001,27.1955
Ek Number,84.984305556,27.1981666670001
Amlekhgunj - 1,84.9904722220001,27.290944444
Amlekhgunj - 2,84.9985,27.305166667
Amlekhgunj - 3,85.0044722220001,27.31875
Amlekhgunj - 4,85.0039166670001,27.3214722220001
Badahkim,84.9950000000001,27.335055556
Gundo,84.9930833330001,27.3434444440001
Churiya,85.0048888890001,27.3616944440001
Pakkipul,85.0058888890001,27.3638888890001
Sansare,85.0070555560001,27.3655833330001
Sayafut,85.00775,27.3671944440001
Karra,85.0264444440001,27.41425
Rapti,85.0227222220001,27.431805556
Manahari,84.809388889,27.5365555560001
Lothar,84.7330000000001,27.584944444
Lothar Branch,84.719722222,27.587055556
Mardar,84.6694722220001,27.601444444
Pampha,84.6208888890001,27.604861111
Budhi Rapti,84.5593611110001,27.614027778
Kair,84.5330000000001,27.6177777780001
Budhi Khola,84.5139444440001,27.622361111
Khageri - 2,84.490472222,27.632444444
Khageri - 1,84.489305556,27.6328888890001
Narayani,84.4220000000001,27.698
Bishnumati Bridge,85.302583333,27.698055556
Manamati Bridge,85.2932500000001,27.696277778
Khadkulo Bridge,85.277555556,27.692138889
Balkhu Khola,85.2602777780001,27.6861666670001
Khatripauwa River,85.1962833330001,27.7081166670001
Naubise Bridge,85.1518611110001,27.715611111
Sungure,85.1324444440001,27.719722222
Thakra,85.1273055560001,27.722611111
Shoping,85.1160000000001,27.721138889
Palung,85.0891666670001,27.635
Mahabir,85.067722222,27.5661111110001
Kalitar,85.0443611110001,27.530305556
Chandi,85.0479722220001,27.522277778
Bhaise,85.0515833330001,27.508583333
Trikhanda,85.0500000000001,27.503
Ratmate,85.046472222,27.4942222220001
Bailabaas,85.0418055560001,27.4710277780001
Samari,85.0435833330001,27.457277778
Seto,84.9796388890001,27.1900277780001
Lalka,84.963888889,27.139916667
Sirsiya,84.9208611110001,27.078027778
Dhobi Khola,85.3281111110001,27.6906666670001
Bagmati,85.3435000000001,27.686583333
Manohara,85.3583333330001,27.673694444
Manohara,85.3583333330001,27.6736666670001
Hanumante,85.3996666670001,27.671555556
Hanumante,85.3996111110001,27.67425
Jagate,85.4417500000001,27.6641111110001
Mahadev Khola,85.489611111,27.6356666670001
Punyamata,85.5145277780001,27.632166667
Jhiku,85.6171944440001,27.642694444
Indrawati,85.7054166670001,27.639361111
Tinpate,85.7433611110001,27.6906388890001
Lippe,85.7618055560001,27.7048333330001
Kukre,85.7621388890001,27.707555556
Chynne,85.769972222,27.71775
Balephi,85.7795000000001,27.7326944440001
Chhate,85.811861111,27.747888889
Adheri,85.821583333,27.7510833330001
Takhle,85.830027778,27.7558333330001
Thado,85.8495,27.7567777780001
Ghotte,85.8508055560001,27.7569444440001
Barabise,85.8991388890001,27.7868888890001
Sano Kholchha,85.8979166670001,27.7918888890001
Khakdole,85.8931111110001,27.8019722220001
Bhulkote,85.8984722220001,27.875944444
Marming,85.9077500000001,27.8800555560001
Chaku,85.9138333330001,27.883027778
Sukundo,85.932972222,27.920972222
Phulping,85.936888889,27.930166667
Bhairabkunda,85.9367222220001,27.932083333
Liping,85.9591111110001,27.968944444
Friendship,85.9618888890001,27.971722222
Sungure (Ganesh),85.132961111,27.735416667
Sopyang,85.1146666670001,27.7439166670001
Agara Khola,85.065222222,27.752388889
Junge Khola,85.108472222,27.74325
Khahare Khola,85.0530555560001,27.7494444440001
Phedi Khola,85.043972222,27.7576111110001
Dangdung,85.0438888890001,27.759888889
Kheste Khola,85.024722222,27.777222222
Gardo Khola,84.9944444440001,27.7972222220001
Jundi,84.9788888890001,27.8008333330001
Chiraundi,84.968333333,27.8067222220001
Belkhu,84.951583333,27.8134166670001
Pokhare,84.91675,27.799916667
Galaundi,84.889944444,27.8074444440001
Soti,84.8728055560001,27.801055556
Malekhu,84.8355277780001,27.806805556
Gomati,84.7880277780001,27.8122500000001
Charaundi,84.7501388890001,27.8030277780001
Khatauti,84.7248888890001,27.797888889
Hugdi,84.6971111110001,27.807138889
Mowa,84.6648611110001,27.8253888890001
Dahaki,84.6340277780001,27.8608055560001
Barbang,84.6306388890001,27.86825
Nagdi,84.5768055560001,27.8633611110001
Jugedi,84.4701388890001,27.7663055560001
Khahare,84.464444444,27.772555556
Dash Dhunga,84.4532222220001,27.77925
Khor,84.441361111,27.7795833330001
Lamobaluwa,84.4319166670001,27.7983611110001
Khani Khola,84.4316388890001,27.802111111
Bhorle,84.4445000000001,27.8201388890001
Mauri,84.462805556,27.81775
Dumre,84.4665277780001,27.8189722220001
Simaltal,84.4833333330001,27.82025
Rigdi,84.495972222,27.8192777780001
Jalbire,84.522777778,27.8251666670001
Namsi,84.5467222220001,27.830833333
Tope,84.5488611110001,27.831166667
Kali,84.552611111,27.833638889
Twin Khola,84.5585,27.8428888890001
Chinsenji,84.559111111,27.847252778
Khahare,84.5586111110001,27.8501944440001
Chhotka,85.7765000000001,26.6361944440001
Ratu,85.7832222220001,26.638527778
Panch (Ratu Branch),85.7839722220001,26.6385000000001
Zero mile,85.810694444,26.655055556
Pulah,85.8206388890001,26.6607222220001
Bighi,85.8416666670001,26.6719166670001
Kutmeshwori,85.84475,26.6791666670001
Katan,85.8772777780001,26.6939166670001
Dhudhmati,85.9088611110001,26.7184722220001
Sapahi,85.9438055560001,26.8070277780001
Aurahi,85.962833333,26.870777778
Basai,85.9582777780001,26.9113333330001
Bhogate,85.914305556,27.042305556
Kare,85.9255555560001,27.043666667
Gangate,85.9178055560001,27.04375
Ratu,85.9383333330001,27.07025
Khahare-1,85.956361111,27.126222222
Khahare-2,85.9212777780001,27.148583333
Khahare-3,85.911194444,27.1526666670001
Sindure,85.9054722220001,27.1596111110001
Kamala,85.902555556,27.165583333
Phiting,85.9196388890001,27.1828055560001
Buka,85.9278611110001,27.1937222220001
Gadauli,85.9213888890001,27.1961666670001
Adheri,85.9180000000001,27.2196388890001
Garda,85.916527778,27.226722222
Gwang,85.935166667,27.247638889
Thulopairo,85.967527778,27.2801944440001
Khaniayakharka,85.9776944440001,27.2854722220001
Adheri,85.9984166670001,27.323
Jahari,85.9936111110001,27.325722222
Bhadaure,85.9928333330001,27.3348611110001
Bhalu,85.9816666670001,27.3357500000001
Bhote,85.9179444440001,27.4031944440001
Gangate,85.8981666670001,27.405666667
Dhamile,85.8812777780001,27.413972222
Dhaune,85.7325277780001,27.4910833330001
Narke,85.7142777780001,27.498833333
Roshi,85.689388889,27.5231388890001
Dapcha-1,85.655111111,27.5383055560001
Dapcha-2,85.6460000000001,27.5545000000001
Bagmati Bridge,85.3493888890001,27.706083333
Dhobi Khola Bridge,85.345638889,27.7218611110001
Basundhara Khola Bridge,85.333583333,27.741861111
Bishnumati Bridge,85.3075833330001,27.7351944440001
Suichatar Bridge,85.2816666670001,27.699611111
Khasibazar Bridge,85.283694444,27.6900000000001
Balkhu Khola,85.297583333,27.6849722220001
Bagmati River,85.2989166670001,27.6848055560001
Manohara River,85.3414722220001,27.6727500000001
Bimaladhar-1,86.054861111,26.689888889
Bimaladhar-2,86.046777778,26.6908611110001
Jamuni,85.9854722220001,26.703861111
Jalad,85.9382777780001,26.725833333
Janga,85.7523055560001,26.715583333
Maraha,85.717527778,26.832777778
Kantauwa,85.6926388890001,26.8448611110001
Banke,85.6785555560001,26.8505000000001
Banke Branch,85.6599166670001,26.86325
Safaa,85.6111388890001,26.869361111
Singahi,85.5916666670001,26.871888889
Jim,85.576138889,26.8692500000001
Lokhandhai,85.4971944440001,26.863805556
Lokhandhai-2,85.492138889,26.8629722220001
Soram,85.430694444,26.84425
Gadaiya,85.4138333330001,26.831361111
Manusmara,85.398916667,26.8234444440001
Bagmati,85.3282777780001,26.808
Sirsiya,85.3102777780001,26.807972222
Maraha,85.3003055560001,26.7826944440001
Kuduwa,85.2840277780001,26.7620000000001
Baraha,85.2832500000001,26.7662777780001
Bakaiya,85.268611111,26.8270000000001
Jamunawa,85.1985000000001,26.8844722220001
Jamuni,85.1181388890001,26.9509444440001
Daudaha,85.1070527780001,26.9550833330001
Aachal,85.0606111110001,26.969805556
Bhutahi,85.0433888890001,26.979805556
Pasaha,85.0316666670001,26.997111111
Sirsiya,84.8776111110001,27.029555556
Marlaiya,84.861194444,27.0265000000001
Tilaha,84.8256944440001,27.0394166670001
Dhogahi,84.807138889,27.063444444
Gandak Nahar,84.7766388890001,27.108166667
Naurangiya,84.7758888890001,27.108777778
Kholshi,84.7654444440001,27.1202500000001
Baluwahi,84.752972222,27.14225
Hadahi,84.744583333,27.163388889
Emirtti,84.739833333,27.167611111
Gangul,84.7273888890001,27.1909166670001
Oriya,84.698,27.2274722220001
Bire,84.6844166670001,27.267777778
Shikharivas,84.6710833330001,27.2837500000001
Bramanagar,84.6520277780001,27.30825
Odhar,84.653111111,27.316555556
Guhiye,84.647,27.319861111
Indrawati,84.6454444440001,27.325527778
Sansari,84.6431388890001,27.329166667
Gumti,84.6367777780001,27.3298055560001
Thute,84.6178333330001,27.3381944440001
Rautahi,84.3234166670001,27.457777778
Bhyaguta,84.2927222220001,27.4611944440001
Chitai,84.2863611110001,27.4668888890001
Reu-1,84.278416667,27.5027777780001
Reu-2,84.2776111110001,27.5036666670001
Rapti,84.3260000000001,27.549333333
Dhapkakoghol,84.4081666670001,27.637194444
Canal Bridge,84.4078055560001,27.639388889
Sungure,86.021083333,27.3148055560001
Haibar,86.030833333,27.303194444
Bandijor,86.0597500000001,27.2794166670001
Bitijor,86.1100277780001,27.268833333
Dyau,86.1696944440001,27.2514444440001
Akchhu,86.1852777780001,27.2475277780001
Nigure,86.233944444,27.235722222
Sakhar,86.2438888890001,27.2424444440001
Khangsang,86.2843055560001,27.245194444
Chalne,86.3390833330001,27.2234722220001
Naring,86.3389722220001,27.208083333
Soku,86.3738888890001,27.1883333330001
Bahdure,86.3871944440001,27.1769166670001
Jutpani Nahar,85.581416667,27.048722222
Bagmati Nahar,85.5691944440001,27.0146111110001
Motihai,85.3523888890001,27.099027778
Jhaj,85.3091666670001,26.943305556
Namlaha,85.2969722220001,26.8764166670001
Sukhadev Chowk Nahar,85.296194444,26.874666667
Gandak Nahar,85.2893333330001,26.8233888890001
Subgada,85.2760000000001,26.7910555560001
Barahauwa,85.2694444440001,26.774472222
Gandak Nahar,84.9147222220001,27.0338055560001
Singha,84.916722222,27.0341666670001
Dudhaura,84.9377500000001,27.0302222220001
Bangari,84.949388889,27.030055556
Nibuwatar,85.0756111110001,27.513888889
Katare,85.0784722220001,27.516416667
Tansin,85.0811666670001,27.520222222
Golpin,85.1008611110001,27.5312500000001
Ghatte,85.1049166670001,27.5359722220001
Mandu,85.106194444,27.537555556
Dhokaphedi,85.1150000000001,27.5399444440001
Kunchal Bridge,85.1133611110001,27.644361111
Bajrabarahi Khola,85.122111111,27.6490555560001
Dhuskhu,85.150583333,27.6335
Chitlang,85.1568888890001,27.6213611110001
Setikhani,85.165333333,27.6068611110001
Bishnumati Khola,85.3053611110001,27.7255000000001
Tadi Khola Bridge,85.1351111110001,27.8600000000001
Anbuni Khola Bridge,85.1287500000001,27.860638889
Anbuni Khola Bridge-2,85.1264444440001,27.8602222220001
Dhobi Khola Bridge,85.1488055560001,27.9202500000001
Gerkhu Khola Bridge,85.1548333330001,27.9308333330001
Betrawati Khola Bridge,85.1858888890001,27.973972222
Bokejhunda Khola,85.2603611110001,28.0807222220001
Trishuli Bridge,85.311861111,28.107055556
South Saprubasi,85.344444444,28.1650000000001
Runga,85.3500000000001,28.188
Kulung,85.353311111,28.2003611110001
Phenlung,85.362055556,28.224511111
Ghatte,85.3758055560001,28.266361111
Nallu,85.3125277780001,27.5755
Karmanasa,85.3357222220001,27.6479722220001
Khahare,85.3771944440001,27.595027778
Bishnumati,85.3558333330001,27.78175
Bagmati,85.3813055560001,27.721944444
Mahadev Khola,85.4302777780001,27.7296111110001
Manomata,85.445472222,27.729277778
Sali Nadi,85.4807222220001,27.74625
Archale,85.507694444,27.8190000000001
Indrawati,85.5761666670001,27.8293333330001
Sahare,85.581388889,27.819166667
Ghatte Khola Bridge,85.3895555560001,27.740361111
Jammotari River Bridge,85.4105555560001,27.7465
Punyamata,85.5232222220001,27.625222222
Batdev,85.514416667,27.5889722220001
Roshi,85.515277778,27.5835555560001
Salambu,85.5368611110001,27.563194444
Cha,85.6272500000001,27.6827777780001
Dhad,85.5979722220001,27.744583333
Jarke,85.5696111110001,27.782277778
Sindhu,85.569944444,27.787333333
Dhakal Khare,85.5706666670001,27.8005000000001
Dude,85.5721111110001,27.811583333
Jayashori,85.5738611110001,27.827944444
Nuwar,85.551833333,27.850027778
Talamaryang,85.538694444,27.8678333330001
Gyallthungh,85.5418611110001,27.886083333
Thuloshora,85.5379444440001,27.892694444
Gori,85.541444444,27.8974166670001
Melamchi,85.543944444,27.900916667
Thado Khola,85.5541388890001,27.9272222220001
Katike,85.5565000000001,27.9315
Chuda lehung,85.5567222220001,27.9333333330001
Dungtemba,85.550944444,27.9425000000001
Timbhu,85.5443611110001,27.9495277780001
Sunkhosi,85.825777778,27.754166667
Halaale,85.9573333330001,27.718416667
Charnawati,85.9986388890001,27.7070555560001
Tamakoshi,86.0785000000001,27.620388889
Gopi,86.0770277780001,27.613166667
Dholi,86.087305556,27.569888889
Thulo,86.0868888890001,27.548111111
Malu,86.084166667,27.527555556
Milti,86.0902500000001,27.4992777780001
Tamakoshi,86.1044166670001,27.4900277780001
Khimti,86.1188888890001,27.4766111110001
Khahare,86.117388889,27.472277778
Tilpung,86.1100277780001,27.4466944440001
Kathajor,86.0864722220001,27.4258333330001
Lipe,86.083888889,27.41225
Ranajor,86.059388889,27.3781111110001
Sukajor,86.076666667,27.3666111110001
Jiri-1,86.2280000000001,27.6367222220001
Jiri-2,86.228944444,27.636666667
Jiri-3,86.2318055560001,27.636638889
Khimti(Rasanalu Bridge),86.2361666670001,27.5873333330001
Trisuli River Bridge,84.844444444,27.8019444440001
Thopal Bridge,84.845666667,27.8426944440001
Bungchung Khola,84.845638889,27.843888889
Changro-dovan Khola,84.8733333330001,27.8809444440001
Thopal Bridge,84.8839166670001,27.910333333
Jirgaha,86.017,27.1680000000001
Besare,85.9901944440001,27.170416667
Dhamile,85.9800277780001,27.177055556
Gwang,85.9111111110001,27.211638889
Labda,85.9051111110001,27.227277778
Marin,85.8711111110001,27.264705556
Maheswota,85.751833333,27.2623611110001
Simat,85.193861111,27.3360555560001
Gandak Nahar,84.8838055560001,27.0784722220001
Sirsiya,84.9073611110001,27.083
Mahesh Khola,85.00075,27.8002500000001
Kolpa Khola Bridge,85.0161944440001,27.809833333
Jairung Khola,85.024722222,27.834694444
Thulo Khola Bridge,85.0809722220001,27.854472222
Tadi Khola Bridge,85.1090833330001,27.8583611110001
Sukhajor,86.0514166670001,27.3774722220001
Sunkoshi,86.0055555560001,27.336111111
Gwarko,85.3334722220001,27.6660833330001
Godabari,85.3649166670001,27.647222222
Fulchoki,85.432944444,27.5994166670001
Roshi,85.480111111,27.5896111110001
Punyamata,85.5136666670001,27.586666667
Sankheshwori,85.5735000000001,27.5742500000001
Punnemata,85.531972222,27.614527778
Mahesh Khola,85.1360277780001,27.7355555560001
Thulo Khola Bridge,85.272777778,27.787305556
Kolpu Khola 1,85.248222222,27.779944444
Kolpu Khola 2,85.2395833330001,27.7743611110001
Bishnumati Bridge,85.302416667,27.7137500000001
Bhadramati,85.282888889,27.716638889
Mahadev Khola,85.303222222,27.7408333330001
Bishnumati Khola,85.3163888890001,27.7447222220001
Samakhusi Khola Bridge,85.314611111,27.728083333
Bishnumati River Bridge,85.327444444,27.756083333
Shivapuri Khola Bridge,85.3218333330001,27.8035833330001
Chhahare River Bridge,85.284777778,27.8663333330001
Tadi River Bridge,85.207555556,27.8986944440001
Miteri Bridge,85.352861111,27.7361388890001
Damaged South Bridge,85.3494444440001,27.7313888890001
Dhobi Khola Bridge,85.3641666670001,27.7617222220001
Manohara Bridge,85.3644444440001,27.686305556
Hanumante Khola Bridge,85.4079166670001,27.6775000000001
Bagmati River Bridge,85.3726944440001,27.712222222
Manohara River Bridge,85.3936944440001,27.7037222220001
Hanumante Khola Bridge,85.353138889,27.667833333
Karma Nasa,85.3427777780001,27.6710833330001
Hanumante Khola Bridge,85.3645277780001,27.6732222220001
Manohara River Bridge,85.4110277780001,27.713944444
Sali Nadi,85.4696111110001,27.729222222
Chokin Chila,85.447805556,27.673527778
Nandemata,85.5120833330001,27.647722222
Mulsanghu,85.457777778,27.6822777780001
Budhi Gandaki,85.412333333,27.65175
Ghatte Khola Bridge,85.3963055560001,27.6603305560001
Bagmati,85.318888889,27.689611111
Bagmati,85.316638889,27.6892777780001
Nakhu,85.3058611110001,27.6649444440001
Tinthana Bridge,85.2620833330001,27.682055556
Manamati Bridge,85.284222222,27.699416667
Bumu,86.134666667,27.716111111
Singati,86.1624722220001,27.7396944440001
Tamakhosi(jamune),86.202777778,27.7721666670001
Tamakhosi(Jagat),86.2269444440001,27.820777778
Ghangur,86.2155000000001,27.845583333
Kamala Nahar,86.1226388890001,26.8531944440001
Jalad-1,85.9410833330001,26.735666667
Jalad-2,85.9857500000001,26.731472222
Jalad-3,85.9913333330001,26.730083333
Jamuni,86.010194444,26.7259722220001
Bimala Dhar,86.0617222220001,26.725416667
Jalad,85.9675833330001,26.775805556
Jagdhar,86.017277778,26.8100000000001
Ban Ganga,86.0577222220001,26.8323611110001
Jalad,85.9245000000001,26.670694444
Jamuni,85.934583333,26.615416667
Dudhmati,85.9061944440001,26.7285000000001
Kochi,85.8667500000001,26.725111111
Bighi,85.8465277780001,26.727555556
Ratu,85.7852222220001,26.7419444440001
Bighi,85.8821111110001,26.7728888890001
Gerukhi,85.8629444440001,26.7991388890001
Ratu,85.838583333,26.8046944440001
Ankuse,85.8233888890001,26.813833333
Janga,85.7845555560001,26.823527778
Gerukhi,85.7799166670001,26.755694444
Ratu,85.7877500000001,26.665861111
Darahara,85.5190833330001,27.083888889
Soti,85.4734444440001,27.0100833330001
Manusmara,85.4670000000001,26.962
Chiptaha,85.1649166670001,26.985111111
Jitpur,85.2104166670001,27.4291944440001
Simat,85.211388889,27.4291944440001
Phirke,85.2293611110001,27.4266388890001
Bagmati,85.2468888890001,27.478694444
Sugauro,85.2000000000001,27.606
Kulekhani,85.1553611110001,27.5859722220001
Chisapani,85.1297777780001,27.5469166670001
Aankhu Khola,84.8282500000001,27.993722222
Budhi Gandaki,84.816027778,28.045638889
Chitrashari,84.5042777780001,27.596777778
Mainaha,84.505472222,27.5957500000001
Canal1,84.361194444,27.657027778
Bethali,84.2341388890001,27.5756388890001
Kerung,84.3003333330001,27.572972222
Sirubari,86.179,27.357
Likhu,86.218083333,27.3496666670001
Bal Ganga,86.076916667,26.8338055560001
Yaaka -Khusi Bridge,85.177638889,27.656722222
Khahare Khola,85.2488333330001,27.910666667
Dharkhu Khola,85.3044444440001,27.927388889
Ghatte Khola Bridge,85.343972222,27.923972222
Jaya Shree Khola,84.374638889,27.7070833330001
Kichkini Khola,84.357666667,27.707722222
Smriti Bridge,84.3315555560001,27.702472222
Beldiya Bridge,84.2763611110001,27.6866666670001
Jharahi Khola,84.2526388890001,27.686194444
Mukunde Bridge,84.22425,27.680944444
Baulaha Khola,84.213611111,27.6719444440001
Lokaha Khola,84.1723055560001,27.664
Kawashoti,84.1010277780001,27.6308888890001
Murali Khola,84.0842500000001,27.623194444
Patthar Khola,84.0173611110001,27.6108333330001
Girwari Bridge,84.0150555560001,27.614916667
Gadar Khola,83.962,27.614
Arun Khola,83.955277778,27.6144722220001
Sanu Khahare,83.941027778,27.6089166670001
Khahare Khola,83.930722222,27.604305556
Thulo Khahare,83.9163611110001,27.6030000000001
Binai Khola,83.8766666670001,27.585222222
Jyamire Khola,83.8669166670001,27.582722222
Khorsani -1,83.820222222,27.555444444
Khorsani -2,83.8200555560001,27.5558055560001
T.C.N Khola,83.7982500000001,27.5542222220001
Bisaya,83.7957500000001,27.5555555560001
Khahare Khola 1(Marcha Khola),83.7852777780001,27.556888889
Khahare Khola 2(Chisapani),83.7777222220001,27.557611111
"Alaulia Khola,London bridge",83.7673611110001,27.5611666670001
Bhaluhi Khola,83.716972222,27.5653333330001
Bhumahi,83.6980833330001,27.5787222220001
Hardiya Khola 3(Badera Khola),83.693277778,27.583333333
"Hardiya Khola 2(Bridge No. 14, Badera 2)",83.6821388890001,27.5903888890001
"Hardia Khola 1(Kirtipur Bridge,)",83.6805555560001,27.591444444
Somnath,83.6578055560001,27.604777778
Turiya Khola,83.63475,27.6086388890001
Dry Nala (Badkatta),83.6275833330001,27.6125277780001
Nala (Andheri /Tapahu Khola),83.6191944440001,27.616861111
Nala(Bridge No. 12 ),83.615111111,27.623694444
Nala(Samaitola Khola),83.6080555560001,27.632361111
Dry nala(Sanu Khola),83.6008611110001,27.639722222
Kacharar Khola,83.5988888890001,27.6407222220001
Nala(khaireni Khola),83.5853333330001,27.649416667
Ghodaha Khola,83.5761666670001,27.6540277780001
Jaluke Khola,83.5655,27.6584444440001
5 No. Khola,83.5518888890001,27.6540000000001
Bhalubai Khola,83.5383055560001,27.653138889
Rohini Khola,83.529805556,27.656722222
Unknown,83.500194444,27.6668888890001
Sukhaura Khola,83.4924722220001,27.6727777780001
Tinau Khola,83.4626111110001,27.703861111
Sub way Bridge.,83.459272222,27.704191667
Guhye Khola (Jitgadi Khola),83.4570833330001,27.704444444
Narshing Khola(Dry Nala),83.455527778,27.704361111
Dry Nala,83.452444444,27.700777778
Dry Nala,83.45225,27.700277778
pakhapani Khola,83.4516944440001,27.6984166670001
satgadi no 1,83.406722222,27.6861666670001
satgadi no 2,83.4040555560001,27.6863888890001
soila river,83.3931944440001,27.684
Rajpur Khola,83.390027778,27.683694444
bamaha Khola,83.3855,27.6825000000001
Ghamaha Khola,83.3335277780001,27.6881666670001
Tulbuliya,83.330888889,27.6885
marthirwa Khola,83.322138889,27.688472222
meghawa Khola,83.3191944440001,27.688194444
inguria nadi,83.302416667,27.6892500000001
Banarhwa Nadi,83.2974722220001,27.6888888890001
Dry Nala,83.2922222220001,27.6911388890001
Pahila Nadi,83.2662500000001,27.7029166670001
Dry Nala,83.265055556,27.7025833330001
Kanchan bridge,83.2628611110001,27.7010000000001
Kothi river,83.229,27.6936666670001
Gageda Khola,83.181555556,27.687333333
Banganga,83.1644722220001,27.6917500000001
Kaila Khola,83.118222222,27.6795000000001
Balhundra Khola,83.0982777780001,27.676527778
Harkon Khola,83.077527778,27.673166667
Dry Nala,83.0609166670001,27.6699444440001
Kundra Khola,83.0583888890001,27.6690833330001
Ghorai Nala Khola,83.0299166670001,27.658888889
Dry Nala,82.9996666670001,27.655583333
Belwagardwa nadi.,82.99625,27.657861111
Agiya Nala (Dumara nala),82.9826944440001,27.6598888890001
Kusma Nala,82.977027778,27.6595833330001
Dry Nala,82.9196666670001,27.649416667
Bel nadi,82.9104166670001,27.6501388890001
jawai Khola,82.9102222220001,27.6489444440001
Dry Nala (Irrigation canal),82.8979166670001,27.6431111110001
Dry Nala (Banatiya Nala),82.889416667,27.6439722220001
Jangali Khola,82.847277778,27.7554166670001
Chor Khola,82.8462777780001,27.7595000000001
Dry Nala (Thade Khola),82.8435555560001,27.759694444
Dry nala,82.84,27.762111111
Mama Khola,82.838388889,27.763861111
Kaila Khola,82.8412222220001,27.7656111110001
Dry nala,82.8388055560001,27.767777778
Surai naka,82.8374444440001,27.769083333
Nala no. 1,82.8342500000001,27.771138889
Tintre Khola(Nala no.2),82.835027778,27.7735555560001
Nala no.3,82.8281388890001,27.7763055560001
Dry Nala no. 4,82.821611111,27.7756666670001
Dhan Khola,82.8053611110001,27.780666667
Trisuli River (Mugling bridge),84.554916667,27.8538888890001
Ruwa Khola,84.540333333,27.875722222
Adheri Khola 1,84.537833333,27.899722222
Khahare Khola,84.5302222220001,27.9096666670001
Khani Khola,84.5025000000001,27.91175
Sakhaura Khola,84.4774444440001,27.9297500000001
Kundi Khola(Baradi Khola ),84.472055556,27.9333333330001
Adheri Khola,84.456083333,27.9406111110001
Boke Khola,84.434583333,27.946916667
Badh Khola(Dhapre Khola ),84.4151944440001,27.952138889
Khahare Khola,84.4017500000001,27.968166667
Nala Khola,84.4017777780001,27.968166667
Sathi mure (Chaubise Khola),84.3728888890001,27.977861111
Muse Khola,84.293472222,27.986027778
Bulbi Khola,84.2721666670001,27.981277778
Madi Khola,84.2628888890001,27.9800277780001
Saat mure Khola,84.1947777780001,27.9835
Thade Khola,84.1836944440001,27.988805556
Samdi Khola,84.1750000000001,27.993
Magdi Khola,84.117333333,28.0212222220001
Mul Khola,84.1171944440001,28.016888889
Phedi Khola,84.1145000000001,28.0209444440001
Kumle Khola,84.100916667,28.0248888890001
Rudi Khola,84.0701666670001,28.0645555560001
Hadeli Khola,84.0700000000001,28.070472222
Kotre Khola,84.0816111110001,28.0929166670001
Bijayapur Khola.,84.0277777780001,28.1934166670001
Seti Khola pul,83.989277778,28.2079166670001
Danda Bridge,83.461166667,27.487833333
Chattis Khola,83.464777778,27.6679444440001
Chidia Khola,83.4685833330001,27.7212777780001
Dovan Khola(Bismile pul ),83.4687777780001,27.7453611110001
Bhoot Khola,83.475666667,27.745666667
Dumre gaira Khola,83.4852777780001,27.7455277780001
Aam Khola,83.491805556,27.7463888890001
Jimere Khola,83.4945000000001,27.747944444
Jhumsa Khola,83.498805556,27.749611111
Sisne Khola,83.5049722220001,27.7514722220001
Dumre Khola,83.5275,27.796194444
Aagaha Khola,83.650888889,27.8655555560001
Ramdi pul,83.6371111110001,27.894694444
Upsa Khola,83.630777778,27.9004722220001
Kaligandaki Bridge,83.6328611110001,27.902722222
Karadi Bridge,83.7115277780001,27.9550833330001
Galaudi-Khola,83.7195833330001,27.9727222220001
Madhi Bridge,83.748194444,27.9693611110001
Dhade Khola,83.7527500000001,27.973638889
Gedi Khola,83.759083333,27.9793888890001
Mirdi Khola,83.77025,27.985666667
Aarmadi Khola,83.7809166670001,27.9935833330001
Changchangdi Bridge,83.7813888890001,28.010277778
Khadi Khola,83.788138889,28.03175
Gyabdi Khola,83.7896666670001,28.039194444
Hardas Khola,83.8225833330001,28.060166667
Jyadh Khola,83.8267777780001,28.072111111
sumare Khola,83.8417777780001,28.0796111110001
Rang Khola,83.848388889,28.084777778
Araudi Khola,83.876055556,28.099305556
Bad Khola,83.8756666670001,28.108138889
Budi Khola.,83.8756666670001,28.1118611110001
Chhore Khola,83.876,28.1510000000001
Phedi Khola,83.8836666670001,28.1548611110001
Besare Khola(Murge Khola),83.8909722220001,28.1672222220001
Dharadi Khola,83.8932777780001,28.173111111
Mulabari Khola,83.8936944440001,28.175361111
Phosre Khola(Skew Bridge),83.895333333,28.1961388890001
Thulunga Khola,83.8962500000001,28.198583333
Ghola Khola,83.6924722220001,27.5253611110001
baluwai Khola,83.7012500000001,27.5240000000001
Ganga sagar,83.72875,27.519666667
Pipara Khola,83.7349722220001,27.5179166670001
Hulasi Khola,83.7430000000001,27.516666667
Bhataulia Khola,83.751333333,27.508055556
Banganga,82.9920000000001,27.549
Kanchaniya bridge,82.9033055560001,27.5482777780001
Kaligandaki pul,83.61625,28.2564444440001
Kathe Khola Pul,83.535083333,28.2670555560001
Gaura Khola,83.6641388890001,28.2151111110001
Dram Khola,83.4088611110001,28.2092777780001
Giringi Khola,83.2823888890001,28.1914166670001
Nohora Khola,83.2396944440001,28.2224166670001
Bhimgisthe Khola,83.179888889,28.277277778
Makar Khola,83.793111111,27.535666667
Kulo,83.7865555560001,27.513361111
Khajura Bridge,83.8016388890001,27.4624166670001
Birta Nala,83.8050833330001,27.462444444
Chamar Ghatuwa,83.81125,27.4596666670001
Singahawa,83.819166667,27.4596111110001
Pratappur canal,83.8213611110001,27.458333333
Hume pipe Culvert,83.689638889,27.4526111110001
Jharai Khola,83.6928611110001,27.442111111
old Jharai,83.6959166670001,27.4400555560001
Marthi Khola,83.1382500000001,27.619027778
Jammuwar Khola,83.1165833330001,27.6071111110001
Canal Headwork,83.0128888890001,27.4824166670001
Charaha Bridge,83.0523055560001,27.565194444
Ramghat Khola,83.0480000000001,27.5770000000001
Jutpani Khola,83.0425000000001,27.72725
Hariom Khola,83.0583055560001,27.7698611110001
Kondre Khola,83.060194444,27.7885833330001
Chakle Khola,83.060222222,27.8321388890001
Supa Khola,83.132972222,27.8865000000001
Khachi Khola,83.137972222,27.9037500000001
Pharjyang,83.1381944440001,27.957694444
Bai Khola,83.135222222,27.958888889
Surai Khola,82.8300000000001,27.5240000000001
Ghorahi Khola,82.8164444440001,27.517222222
Chisapani Khola,84.536472222,27.9010000000001
Marsyangdi River,84.542833333,27.9054444440001
Daraundi Khola,84.5536666670001,27.939638889
Chaudi Khola,84.410055556,27.963888889
Adheri Khola,84.4246944440001,27.9874722220001
Ridi Khola,84.4562777780001,28.027777778
Phoudi Khola-1,84.4551944440001,28.0380277780001
Chiti Khola,84.444333333,28.088861111
Poundi Khola-2,84.428222222,28.10875
Dhuwa Khola,84.3847777780001,28.215361111
Majhuwa Khola,84.3800833330001,28.222555556
Bhalam Khola,84.3641944440001,28.2646111110001
Khudi Khola,84.354555556,28.2813333330001
Nange/Aarkhle Khola,84.3988055560001,28.330027778
Chahare Khola-2,84.3994166670001,28.3460555560001
Syange Khola,84.4014444440001,28.3858333330001
Phirke Khola,83.9811666670001,28.2282222220001
Yamdi Khola,83.966166667,28.253
Phedi Khola,83.8725277780001,28.291777778
Ghatte Khola/Yamdi Khola,83.8608333330001,28.286972222
Liwadi Khola,83.8663888890001,28.285361111
odere Khola-1,83.813277778,28.295611111
odere Khola-2,83.812166667,28.295888889
Jhotne Khola,83.8099722220001,28.298694444
Dhote Khola,83.7860000000001,28.296
Khumaye Khola,83.767527778,28.2966388890001
Sital guffa pul,83.7790277780001,28.2958055560001
Khahare Khola 1,83.763666667,28.2921388890001
Modi Khola (Dimuwa),83.742388889,28.2739722220001
Pati Khola,83.7373611110001,28.271972222
Bhadra Khola,83.72225,28.262694444
Ambote Khola,83.7190000000001,28.256583333
odere Khola,83.713888889,28.2484166670001
Khahare Khola 2,83.6518055560001,28.2408888890001
Dhodino Khola,83.5839722220001,28.3100555560001
Myagdi Khola,83.5633611110001,28.3416111110001
Galeshor Raganganga Khola,83.5676666670001,28.376
Beg Khola,83.599833333,28.4325277780001
Kaligandaki Bridge,83.622083333,28.45075
gharamadi Khola,83.6263611110001,28.455833333
Pokhare Bagar kaligandaki Khola,83.6336111110001,28.4838611110001
Duwari Khola,83.6512500000001,28.5280000000001
Lete Khola,83.613527778,28.6289166670001
Tangsara Khola,83.5943333330001,28.672916667
Boksi Khola,83.6035000000001,28.684083333
Tuckche Khola,83.6412222220001,28.709805556
Kaligandaki Khola,83.7343388890001,28.7847472220001
Kuruwa Khola,83.4754722220001,27.90175
Ridi Khola,83.4328611110001,27.9384166670001
Purono bazar Khola,83.2447500000001,28.06575
Chaldi panaha,83.0791944440001,28.06575
Bangai Khola,83.407277778,27.5112222220001
Tinau Khola,83.3945833330001,27.5142500000001
Dano Khola,83.3337222220001,27.4997222220001
Koilihawa Khola,83.308194444,27.4916944440001
Telar Khola,83.2945000000001,27.491
Khungai Khola,83.2447222220001,27.4378333330001
Tinumuhiya,83.2381111110001,27.4313333330001
Kathwala bridge,83.2369444440001,27.430388889
karida Khola,83.226194444,27.4195
Lumbini Nala,83.2727222220001,27.491527778
Kothe Khola,83.2179166670001,27.499583333
Bethi Khola,83.1888888890001,27.5126388890001
Sisahia Khola,83.136611111,27.5279166670001
Sihari,83.1138055560001,27.5301388890001
Jammuwar Khola,83.1013333330001,27.542638889
Kalesti Bridge,84.2596111110001,28.026944444
Simle Khola,84.2413611110001,28.0404722220001
Sugandhi Khola,84.2411111110001,28.069083333
Risti Khola,84.2297222220001,28.142777778
Deurali Khola,84.0771666670001,28.1641388890001
Kudi Khola,84.090083333,28.1643611110001
Jharahi Bridge,83.6715833330001,27.530027778
Ramkundra Bridge,83.6545833330001,27.529222222
Ghola,83.6431666670001,27.5294166670001
Turia Bridge,83.6013055560001,27.515777778
Mahu Bridge,83.5984444440001,27.5156111110001
Baghela Khola,83.572805556,27.5155
Rohini Bridge,83.5059166670001,27.51
Danda bridge,83.4665277780001,27.5048055560001
"Kaligandaki dam, Site bridge",83.5796111110001,27.9755277780001
Body-guard Bridge,83.4667500000001,27.9752500000001
Dammwa Bridge,83.614,28.267
Lasti Khola,83.6050000000001,28.3030000000001
Liumdi Khola,83.5920000000001,28.3270000000001
Kaligandaki Khola,83.5711111110001,28.341944444
Mathura Khola.,83.2100722220001,27.966019444
Inguria Khola,83.3087222220001,27.680083333
Bunarahawa Khola,83.3063611110001,27.6757500000001
Matera Khola,83.310138889,27.610333333
Kanchan Khola-1,83.3100555560001,27.6100555560001
Tilahar Khola,83.2784166670001,27.462444444
Hadahawa Nala,83.268027778,27.494027778
Hadhawa nala,83.2682777780001,27.5035
Jammuwa Khola,83.271666667,27.505972222
Telar Khola,83.2840000000001,27.478638889
MarthiKhola,83.138,27.474
Mijuwa Khola,83.137472222,27.4702222220001
Midim Khola,84.2274444440001,28.1548333330001
Madi Khola,84.218180556,28.1619166670001
Myagdi Khola,84.0910000000001,28.01
Seti Khola,84.083055556,27.984861111
Gidi Khola,84.0853888890001,27.9765833330001
Buduwa Khola,84.0876388890001,27.97
Kaligandaki Khola,84.0818611110001,27.8705277780001
Thatia Khola,83.8661388890001,27.4534166670001
Adheri Khola,83.9249444440001,27.864611111
Nisdi Khola Bridge,83.9356388890001,27.8674444440001
Sirdi Khola,84.5718055560001,27.9861388890001
Daraundi Khola,84.567944444,27.9973055560001
Bhusunde Khola,84.584777778,28.020805556
Khahare Khola,84.610361111,28.0391111110001
Ludi Khola,84.6589166670001,28.0801666670001
Langdi Khola,84.6607500000001,28.1006944440001
Modi Bridge,83.7105000000001,28.2268888890001
Jyagdi Khola,83.8711666670001,27.9422500000001
Bairia Khola,83.8120000000001,27.422611111
Gandak ghola,83.8399444440001,27.4551666670001
Raipuruwa,83.8428888890001,27.4553888890001
Ghola Khola,83.8593611110001,27.4610000000001
Sisne KhÂ°la,83.2229722220001,27.9155277780001
Trisuli River,84.7780277780001,27.810138889
Soti Khola,84.808194444,28.041805556
Kali Khola,82.7953055560001,27.7866111110001
Jharauni Khola -1,82.7869166670001,27.7891666670001
Jharauni Khola -2,82.7855555560001,27.789444444
Jharauni Khola -3,82.7846111110001,27.7916111110001
Dry Nala,82.7796666670001,27.796277778
Dry Nala,82.7785000000001,27.796444444
Kunta Khola,82.7727222220001,27.8008611110001
Rana Sing,82.7615277780001,27.810722222
Dhodre Khola,82.7614722220001,27.816333333
Dry Nala,82.757805556,27.831333333
Rapti River,82.7632222220001,27.8376388890001
Fairie Khola,82.755777778,27.8413055560001
Moitre Khola,82.7571111110001,27.840583333
Katesh Nala,82.7417500000001,27.8396388890001
Gopi Nala,82.6789444440001,27.8459722220001
Dolai Nala,82.6436111110001,27.8474166670001
lathowa Kulo,82.6415000000001,27.849194444
Shingai Khola,82.6172777780001,27.8543611110001
Shingai Khola Branch,82.6155555560001,27.8546944440001
Narte Nala,82.6096944440001,27.8557777780001
Kauria Khola,82.582222222,27.8615
Bagai Sota,82.5415833330001,27.869916667
Arnwa Khola,82.5323333330001,27.871472222
Arjun Khola,82.5055,27.881916667
Padmini Khola,82.4944722220001,27.879333333
Kari Sota,82.4568333330001,27.8753333330001
Unchanimbhu Khola,82.4408888890001,27.8898055560001
Hattisar Khola,82.4177222220001,27.8928916670001
Bhauka Khola,82.4093888890001,27.895
Bathaniya Khola,82.382166667,27.895305556
Bhatarkunda Khola,82.3678611110001,27.898611111
Rehar Khola,82.3378333330001,27.9065000000001
Tilkanya Branch,82.3072222220001,27.9373055560001
Chow Khola-1,82.2860000000001,27.946388889
Chow Khola-2,82.284805556,27.9461666670001
Chow Khola-3,82.2751944440001,27.9453888890001
Simal Sota,82.255527778,27.951944444
Bakhari Khola,82.253194444,27.9540000000001
Kali Khola,82.2341666670001,27.959722222
Godia Khola,82.2135000000001,27.9648611110001
Sirangi Khola,82.2115833330001,27.9701388890001
Firangi Khola,82.2076388890001,27.975638889
Gangari Nala,82.1925277780001,27.982666667
Shiv Khola,82.1903888890001,27.9827777780001
Loki Khola,82.174888889,27.9838333330001
Bharley Khola,82.1641388890001,27.991833333
Skew Bridge,82.1630000000001,27.9933333330001
Gothelawa Nala,82.161194444,27.9942222220001
Tilkanya Khola,82.146722222,28.0020000000001
Ooj Khola Bridge,82.1315555560001,28.011888889
Bains Khola,82.118777778,28.0130833330001
Dapariya Bridge,82.1033611110001,28.0111944440001
Ranigajari Bridge,82.0996666670001,28.010277778
Bairiya Bridge,82.0901388890001,28.0111944440001
Dongi nala Bridge,82.0778055560001,28.016027778
Skew Bridge,82.0700555560001,28.0201388890001
Sauri Bridge,82.0658888890001,28.0271666670001
Khochani Bridge,82.063527778,28.029444444
Kale Khola bridge,82.0486111110001,28.031722222
Gabar Bridge,82.029805556,28.0271666670001
Bhatti Khola,82.025305556,28.032861111
Lumba Khola,81.9802500000001,28.0371666670001
Gantahawa Bridge,81.9618055560001,28.038416667
Thin Kholi Bridge,81.958055556,28.047388889
Jhuri Khola Bridge,81.9560555560001,28.0493611110001
Skew Bridge,81.950527778,28.0547500000001
Skew Bridge,81.9476388890001,28.0575000000001
Gandhali Bridge,81.9422777780001,28.058722222
Sukhar Bridge,81.9376388890001,28.058444444
Khairi Bridge,81.9267222220001,28.058555556
Skew Bridge,81.9188333330001,28.0678611110001
Muguwa Bridge,81.8834166670001,28.1369722220001
Paruwa Sota,81.8004722220001,28.1253611110001
Changai Nala,81.7697777780001,28.1301388890001
Naya Gaon Bridge,81.7676388890001,28.143333333
Geruaa Nala,81.7575833330001,28.1590833330001
Jhijhari Khola,81.7527777780001,28.1596666670001
Rohini Bridge,81.7094166670001,28.198055556
Duduwa nala Bridge,81.696027778,28.197777778
Kiran Khola,81.6625000000001,28.200444444
Maitihawa Khola,81.6434444440001,28.1973055560001
Khanjua Khola,81.6383888890001,28.198555556
Jethi Khola,81.5990833330001,28.209444444
Double Cell,81.5818888890001,28.2179444440001
Man Khola,81.5748611110001,28.2205000000001
Phohiya Khola,81.5705833330001,28.2220833330001
Dondwa Khola,81.5530000000001,28.228472222
3 Cell,81.5164722220001,28.2439444440001
3 Cell Slab,81.5136666670001,28.2456111110001
Double Cell,81.5090000000001,28.248444444
Bokahani Khola,81.4995277780001,28.258777778
Jurinya,81.4870000000001,28.2603333330001
Three Cell Slab,81.4716388890001,28.264666667
Gang River,81.4548333330001,28.2818333330001
Double Cell,81.4512500000001,28.286138889
Bhada River,81.4358611110001,28.304611111
2 Cell,81.4395277780001,28.3228888890001
Pathriya Khola,81.4428611110001,28.3404722220001
Auri Khola,81.4344444440001,28.3515833330001
Jakar Khola,81.4309166670001,28.360611111
Phardangwa Khola,81.4172500000001,28.371
2 Cell Slab,81.409305556,28.374083333
Triple Cell,81.405861111,28.375416667
Theni Khola,81.398916667,28.378194444
Three Cell Slab,81.3948611110001,28.3797777780001
Budhi Khola,81.3766111110001,28.4082500000001
2 Cell Slab,81.376277778,28.416972222
Babai,81.3800555560001,28.4235833330001
4 Cell Slab,81.3697222220001,28.429583333
Double Cell,81.349027778,28.4299444440001
Triple Cell,81.3243333330001,28.4491944440001
Triple Cell,81.318805556,28.4617777780001
Ambasa River,81.3185000000001,28.47425
Triple Cell,81.3240555560001,28.503527778
2 Cell Slab,81.3265277780001,28.5198055560001
AuraiKhola,81.3253611110001,28.5290000000001
2 Cell Slab,81.3247777780001,28.532555556
4 Cell Slab,81.3248055560001,28.5375
Triple Cell,81.3220000000001,28.5421388890001
4 Cell Slab,81.3176388890001,28.5530555560001
Double Cell,81.306833333,28.57575
Two Cell,81.3068055560001,28.5734444440001
Four Cell,81.306027778,28.5751666670001
Gumna Bridge,81.3001944440001,28.5902222220001
Four Cell Slab,81.2943611110001,28.599027778
Karnali Bridge,81.2858333330001,28.6392222220001
Tui Khola,82.2341944440001,28.0290833330001
Babai Khola,82.253,28.0400000000001
Guthi Khola,82.3142777780001,28.1711111110001
Ghur Khola,82.3037777780001,28.2779166670001
Sharada Riever,82.247083333,28.304916667
Saankha Khola,82.4451666670001,28.6115833330001
Kinni Khola,81.6851111110001,28.2126666670001
Itta Nala,81.6771388890001,28.231305556
Jethi Khola,81.675722222,28.2383888890001
Chyama Khola,81.6621666670001,28.2705
Man Khola,81.6596388890001,28.273638889
Man Nala Hattisar,81.6795000000001,28.3236388890001
Man Branch 1,81.684888889,28.3325
Man Branch 2,81.6797500000001,28.341944444
Jhajhariya Khola,81.6809166670001,28.342472222
Jogi Khola,81.6872500000001,28.3473333330001
Thado Khola,81.6970833330001,28.3459444440001
Ratemare Khola,81.7033888890001,28.3488611110001
Mauri Khola,81.707472222,28.350388889
Sabanga Khola,81.711416667,28.3535555560001
Babai Khola,81.7128888890001,28.3566111110001
Sano Khola,81.7140555560001,28.3616944440001
Sano Khahare Khola,81.7139722220001,28.367333333
Dry Nala,81.7120555560001,28.370666667
Dry Nala-2,81.7009722220001,28.3845277780001
Thulo darbas Bridge,81.697138889,28.387722222
Taule Khola,81.734027778,28.4367222220001
Toli Khola,81.7308333330001,28.439083333
Jhinganara Khola,81.7107777780001,28.464944444
Hataru Khola,81.6818055560001,28.480638889
Saaj gotheri -1,81.6673888890001,28.4917222220001
Saaj gotheri -2,81.6673333330001,28.492333333
Sisneri Khola-1,81.6601666670001,28.499666667
Sisneri Khola-2,81.6599444440001,28.5002777780001
Baganara,81.6578055560001,28.5054166670001
Bheri River Bridge,81.6633055560001,28.518333333
Siri Khola,81.665666667,28.5190555560001
Thulo Biureni Bridge,81.666444444,28.5449722220001
Sano Biureni Bridge,81.658666667,28.548444444
Nara Khola,81.652555556,28.569888889
Newara Khola (cw 1),81.638277778,28.5766944440001
Khajura Khola (cw2),81.6310000000001,28.583
Khorke Khola,81.611277778,28.594444444
Bangesimal Khola,81.5778611110001,28.6094444440001
Girighat Bridge,81.5422777780001,28.600416667
Sot Khola,81.494055556,28.7045000000001
Musegaira Bridge,81.566027778,28.734055556
Maine Khola,81.586111111,28.735722222
Lohare Khola,81.5826388890001,28.780916667
paduka Khola bridge,81.5332222220001,28.876305556
Ramghat bridge,81.4801666670001,28.91225
Sain Khola,81.425472222,29.0204166670001
jaksi Khola,81.4417777780001,29.0335000000001
Kane Khola,81.460027778,29.0558055560001
Khun Khola,81.505555556,29.0859444440001
Tila Khola Bridge,81.5944166670001,29.1333611110001
Hima Khola Bridge,81.9101944440001,29.2020555560001
Guiya Khola1,82.7505833330001,27.8111388890001
Tharunimare Khola,82.7300277780001,27.8105
Manariya Khola,82.6521111110001,27.810944444
Khauraha Khola,82.6495,27.8110833330001
Buge Khola,82.467861111,27.834166667
Bamb Khola,82.4643333330001,27.8373333330001
Bauraha Khola,82.4431666670001,27.8523888890001
Jamuniha Khola,82.4203055560001,27.855055556
Nala 1,82.3253888890001,27.8797222220001
Nala 2,82.3187500000001,27.883194444
Sikta Irrigation Bridge,81.9226388890001,28.0578055560001
Gauri Khola,81.900055556,28.05875
Dundra Khola,81.8661388890001,28.0684444440001
Dundra Vented Causeway,81.859861111,28.0700555560001
Beluwa Nala,81.2657222220001,28.3412222220001
Jharan Nala-1,81.2561944440001,28.356194444
Karnali Sakha Nahar,81.254666667,28.3546666670001
Geruwa Khola bridge,81.202472222,28.366805556
Kaila Khola,81.1766388890001,28.393638889
Jharan Khola - 2,81.1589166670001,28.398055556
Rataiya Khola,81.1435277780001,28.402472222
Paniphekuwa Khola,81.1200000000001,28.4162777780001
Budi Khola,81.115944444,28.4186388890001
Murkutta Khola,81.0988055560001,28.4252222220001
Chamghat Khola,81.6842222220001,28.8525000000001
Paduka Khola,81.5616388890001,28.9037500000001
Chene Khola,81.5015277780001,28.9472777780001
Karnali River,81.4299722220001,29.0285000000001
Bhungbhunge,82.7692500000001,27.8434722220001
Bagasoti,82.7930000000001,27.8677777780001
Ganaha,82.8019722220001,27.878444444
Daderi,82.8137500000001,27.893861111
dhand,82.820222222,27.904722222
Darabang,82.8292500000001,27.912805556
Sukha,82.8353888890001,27.9200000000001
Bisedi,82.8432777780001,27.944583333
Bage,82.806027778,28.00575
Arung Khola,82.7846944440001,28.0366666670001
Jhangawang,82.7871388890001,28.0853888890001
Kagpati,82.744888889,28.106972222
Dhanbang,82.6948611110001,28.1704444440001
Madi,82.6819722220001,28.185944444
Deukhudi,82.7017777780001,28.230361111
Madi Khola,82.5995833330001,28.333083333
Madi,82.7860000000001,28.051472222
Jumri,82.848361111,28.0996666670001
jhimruk,82.8820555560001,28.1203333330001
Sisne,82.518833333,28.027555556
Katuwa,82.4931388890001,28.036527778
Vented Causeway,82.515555556,27.9205277780001
Masot Khola,82.49625,27.928805556
Bhainshe Khola,82.4949444440001,27.945777778
Babai Khola,82.4954444440001,27.969166667
Googlee,82.500472222,27.997694444
Sisne,82.4991666670001,28.0008611110001
Katuwa,82.492666667,28.010527778
Sewaar,82.439111111,28.0349166670001
Gurje,82.433555556,28.035888889
Hapur,82.3882500000001,28.073
Patre,82.38075,28.0788055560001
Sangram,82.3575000000001,28.0985277780001
Chauwa,82.348944444,28.1075555560001
Gwar Khola -1,82.3329166670001,28.116833333
Gwar Khola -2,82.329944444,28.1184166670001
Ranighat,82.3223055560001,28.124027778
Bhurigaun Nahar,81.3224166670001,28.4498333330001
Nala-1,81.3173333330001,28.438472222
Jasti,81.3176666670001,28.4372777780001
Dhudari Khola,81.2848611110001,28.3730833330001
Nala-2,81.3215555560001,28.2318333330001
Sariu Khola,81.3281111110001,28.224527778
Surya Khola,81.3217222220001,28.1880555560001
Jharaniya Nala,81.0918055560001,28.421
Amila Baba Kuti Khola,81.6060000000001,28.099305556
Kiran Nala,81.586361111,28.1144722220001
Kiran Khola,81.586361111,28.1144722220001
Nala 1,81.5843055560001,28.1178055560001
Nala 2,81.5841111110001,28.1180833330001
Kedari Khola,81.5785555560001,28.1241944440001
Jethan Khola,81.5253888890001,28.1535000000001
Maan Khola,81.514388889,28.152194444
Nala 3,81.500722222,28.16675
Chapala Nala Khola,81.4854722220001,28.1816944440001
Midkiya Nala,81.4598611110001,28.188
Nala 4,81.4356111110001,28.1845277780001
Nala 5,81.3711111110001,28.1914444440001
Bhada Khola,81.3658333330001,28.1889166670001
Padle Khola,81.7692500000001,28.465361111
Lohare Khola,81.7875277780001,28.451583333
Nathne Khola,81.800361111,28.4453888890001
Jhigne Khola,81.8103055560001,28.446305556
Goche Khola,81.8335000000001,28.439611111
Botechaur Khola,81.8884444440001,28.4189166670001
Baluwa Sangrahi Khola,82.0008333330001,28.461361111
Bheri River Bridge,82.0288611110001,28.518555556
Chisapani Khola,82.002722222,28.606972222
Chedagad Khola,82.0376666670001,28.639694444
Parajuli Khola,81.661694444,28.760027778
Matela Khola,81.6808611110001,28.772694444
Lohare Khola bridge,81.7040000000001,28.828
Bagi Khola,82.5268611110001,27.8571944440001
Sano Khola,82.5321111110001,27.8459444440001
Rapti Khola,82.539222222,27.838638889
Sigra Khola,82.537,27.823027778
Parganda Khola,82.5391388890001,27.813
Sauri Khola,82.5694166670001,27.7553055560001
Jamunibas Khola,82.5688611110001,27.751027778
Khahare Khola,82.5706111110001,27.745416667
Padu Khola,82.289861111,28.132472222
Gatte Khola,82.270527778,28.131666667
Maiyaun,82.2232777780001,28.121055556
Bagar,82.208027778,28.120777778
Chisapani,82.150833333,28.161777778
Chayate,82.1454444440001,28.181583333
Twang,82.0964166670001,28.2350555560001
Sharada nadi,82.0595555560001,28.2755000000001
Bageshwori Nala,81.6073333330001,28.0625833330001
Duduwa Khola,81.7043611110001,28.066333333
Rapti River,81.714805556,28.066361111
2-cell,81.8348333330001,27.904972222
3-cell,81.879138889,27.8839166670001
Badki suiya Khola,81.919,27.8700000000001
Babai Sakha Nahar,81.513861111,28.244666667
Sattari Jethan Nala,81.483222222,28.206611111
Piparahawa Nala,81.4807222220001,28.1864166670001
Nahar-1,81.236555556,28.4146666670001
Nahar-2,81.248222222,28.436194444
Panphekuwa Khola,81.258611111,28.435972222
Jarahi Khola,81.265194444,28.4666111110001
Githe Khola,81.2655861110001,28.463758333
Biureni Khola-2,81.4392500000001,28.762194444
Nala,81.324361111,28.4540555560001
Uttarganga Khola,81.514388889,28.6468055560001
Sewar Khola,82.484888889,28.050361111
Chakre Khola,82.4821666670001,28.2551388890001
Tribeni\Siban Khola,82.4977777780001,28.280611111
Karnali River,81.1191666670001,28.4730277780001
Baula Khola Bridge,81.2801944440001,28.6426388890001
Dry Nala,81.2790555560001,28.6418333330001
Dry Nala 2,81.2774166670001,28.6405
Dry Nala 3,81.2765555560001,28.6398611110001
Dry Nala 4,81.2760277780001,28.639472222
Dry Nala 5,81.273666667,28.6375833330001
Dry Nala 6,81.27025,28.635555556
Dry Nala 7,81.2667777780001,28.633805556
Dry Nala 8,81.262694444,28.6316944440001
Dry Nala 9,81.2594444440001,28.629972222
Dry Nala 10,81.2550000000001,28.6274722220001
Dry Nala 11,81.2533888890001,28.626527778
Dry Nala 12,81.2517222220001,28.6255833330001
Dry Nala 13,81.249583333,28.624388889
Dry Nala 14,81.246,28.622361111
Dry Nala 15,81.2438611110001,28.6211666670001
Dhobiniya Khola Bridge,81.190694444,28.621
Dry Nala 16,81.186833333,28.621527778
Rora River Bridge,81.1480000000001,28.6298055560001
Chori River Bridge,81.1075000000001,28.64225
Charela Khola Bridge,81.090055556,28.6468055560001
Pathariya Khola,81.074361111,28.6511944440001
Karha Khola Bridge,81.024194444,28.6627500000001
Suktikada Khola Bridge,80.994861111,28.6693333330001
Doda River,80.9557777780001,28.677611111
Ghodaghodi Khola,80.9359444440001,28.6894444440001
2 Cell Slab,80.9334166670001,28.6909166670001
Kandra River Bridge,80.9074722220001,28.697388889
3 Cell Slab,80.8976944440001,28.6993055560001
Amkhaiya -1,80.873472222,28.713666667
Amkhaiya-2,80.8708055560001,28.715527778
Kateni Khola,80.853388889,28.7235277780001
Badka Khola Bridge,80.844305556,28.7251944440001
Likma River Bridge,80.82325,28.728638889
Amkhaiya Khola Bridge,80.7806944440001,28.742416667
Gauri Ganga Bridge,80.7587500000001,28.754083333
Chanaura Khola Bridge,80.7466944440001,28.763333333
2 Cell Slab,80.7411111110001,28.772555556
Chaumala River Bridge,80.7325277780001,28.7790277780001
ShivGanga River Bridge,80.7023611110001,28.790055556
Khutia River,80.633555556,28.7943611110001
Hardia Khola,80.6115,28.8017694440001
Gardhobi Khola,80.596944444,28.8061666670001
Gayamadi Khola,80.5926388890001,28.807638889
Manhara River,80.583638889,28.812694444
Biyar Khola,80.5756944440001,28.8139166670001
Narmada Ganga River,80.5648611110001,28.8133611110001
Godabari River,80.5423611110001,28.812166667
Mohana River,80.515,28.8248055560001
Baluwa Khola,80.4810000000001,28.8376666670001
Amkhaiya Khola 1,80.4476111110001,28.8474444440001
Amkhhaiya-2,80.4402777780001,28.850305556
Donda River,80.4349722220001,28.8523888890001
Band River,80.4161111110001,28.866833333
Banara River,80.396944444,28.887694444
Sunbara River,80.3498888890001,28.9020555560001
Syali River,80.3276111110001,28.9157777780001
Radha River,80.2948888890001,28.9336666670001
Pathariya River,80.2853888890001,28.9372777780001
Daiji Khola,80.2667777780001,28.9473611110001
Chaudhar Khola,80.2544722220001,28.9511666670001
Slab Bridge,80.240416667,28.952472222
Slab Bridge-2,80.2226388890001,28.958333333
Suda Chok Khola,80.2191666670001,28.959444444
Kangla River,80.209972222,28.9623888890001
Bhasi River,80.197527778,28.966444444
Bhansi Khola,80.190694444,28.9687500000001
Canal Crossing,80.1713888890001,28.9752777780001
Bangaun Khola,80.147277778,28.983722222
Bhujela River,80.1300000000001,28.990111111
Mohana River Bridge,80.5511666670001,28.6928888890001
Bhansar Kulo,80.554833333,28.6950833330001
Geta Khola,80.5535555560001,28.7803888890001
Manhara Bridge,80.550166667,28.787527778
Skew Bridge River,80.5625833330001,28.839555556
Skew Bridge 2 River,80.5706666670001,28.8702500000001
Chudepani Khola,80.5723611110001,28.871
Godabari Bridge,80.5879166670001,28.8823055560001
Ningladi Khola,80.6065,28.949138889
Surnaya Gad River,80.555722222,29.469194444
Dhik Gad Bridge,80.493777778,29.610111111
Jamadi Gad River,80.5120555560001,29.634138889
Chameliya River Bridge,80.5441388890001,29.667027778
Bhartawagad,80.433305556,29.7525277780001
Kankadi Gad,80.4473888890001,29.7980000000001
Thaligad,80.4943333330001,29.7921111110001
Randuwa Gad River,80.668805556,29.3053055560001
Korail Bridge,80.7512222220001,29.307138889
Golmagad River,80.8033888890001,29.297861111
Lohakhadi Bridge,80.8557222220001,29.2845
Pachnalay Khola,80.866305556,29.2710000000001
Kalagad River Bridge,80.9037500000001,29.2464166670001
Gudi-Bagh Khola,80.9042777780001,29.237611111
Bhageshwor Khola,80.907333333,29.236722222
Samuhagad Khola,80.924027778,29.245527778
Seti River Bridge,80.9450833330001,29.25325
Dwari Khola,80.9455555560001,29.2547222220001
Bangtada Khola,80.95525,29.263222222
Karha Bridge,81.0027138890001,28.4732500000001
Gauri Khola,81.0208055560001,28.469555556
Pathariya,81.0298333330001,28.4643055560001
Kalo Pul Bridge,80.5704166670001,28.7017500000001
Kailali Pul Bridge,80.5800833330001,28.704638889
Main Road Khola,80.592805556,28.7000833330001
Seto Pul Bridge,80.5987805560001,28.7006388890001
Kaani Khola Bridge,80.6398055560001,28.6870277780001
Kaneri Khola Bridge,80.6675277780001,28.675416667
RCC Slab Bridge,80.679055556,28.64975
Ghuraha River Bridge,80.7414722220001,28.5879722220001
Hasuliya Khola Bridge,80.7630833330001,28.5818333330001
Surmi Nala Bridge,80.786722222,28.5717222220001
Small Doda Khola Bridge,80.3921111110001,28.685777778
Small Doda Khola -1 Bridge,80.481527778,28.666222222
Donda River Bridge,80.4973055560001,28.6693333330001
RCC Slab Bridge,80.5173611110001,28.681527778
Canal crossing Bridge,80.3027500000001,28.776722222
Bharandi Khola Bridge,80.3159166670001,28.734611111
Khapti Khola Bridge,80.324083333,28.6916944440001
Chipee Khola Bridge,81.2182500000001,29.233111111
Kailash Khola Bridge,81.2605,29.163361111
Khargaur kulo Bridge,81.1322500000001,28.5946666670001
Pathariya kulo Bridge,81.13325,28.592055556
Kulariya kulo Bridge,81.122972222,28.581388889
Kulariya Khola Bridge,81.115777778,28.569388889
Bijuliya River Bridge,81.1075277780001,28.557888889
Jamara River Bridge,81.1182777780001,28.5355555560001
Gyani Kulo Bridge,81.1182500000001,28.523916667
Lamki pul Bridge,81.110361111,28.511361111
Asneri Taal Bridge,81.1016388890001,28.50275
Rani kulo Bridge,81.075027778,28.467472222
Kalanga gad,80.8951666670001,29.494083333
Juligad,80.9891388890001,29.471694444
Tarugad,81.0508333330001,29.490019444
Bhagute Khola,81.079388889,29.497083333
Kachali Khola,81.1453888890001,29.521916667
Bhahuligad,81.1959444440001,29.556833333
Phulout Gad,81.0532777780001,29.2812500000001
Gandigad,81.0542777780001,29.279972222
Prabhali Gad Bridge,81.2060555560001,29.234777778
Budhi-Ganga Bridge,81.2200000000001,29.250777778
Jijadi Gad Bridge,81.2214166670001,29.2597500000001
Ardola River,81.249888889,29.286694444
Igadi Gad River,81.2639166670001,29.309833333
Barju-Gad Khola,81.323027778,29.3489083330001
Gui Gad River,81.3504722220001,29.3733888890001
Jharan Khola,81.0338055560001,28.437388889
Khakraula Bridge,81.036166667,28.4303333330001
RCC Slab Bridge(Thapapur),81.0041944440001,28.5174166670001
Dundra Khola Bridge,81.0003611110001,28.5111666670001
Kandha River Bridge,80.994361111,28.5085
Rapti Kulo Bridge,80.9793333330001,28.491305556
Thuli Gad,80.7380277780001,29.0100833330001
Kapadi Gad,80.7492500000001,29.007083333
Chitaura Nala Bridge,80.3633888890001,28.8853611110001
RCC Slab Nala-1,80.360111111,28.853666667
RCC Slab Nala-2,80.3621111110001,28.8172500000001
Aadra Khola Bridge,80.3571111110001,28.8125000000001
Syali River Bridge,80.3533055560001,28.8103611110001
RCC Slab Nala-3 Bridge,80.3512222220001,28.8092222220001
Syali River Bridge,80.3594166670001,28.702972222
Majghad,80.5365833330001,29.4607222220001
Kulariya River Bridge,81.1046388890001,28.565972222
Rora Khola Bridge,81.1030555560001,28.5826388890001
Chori River Bridge,81.078305556,28.605138889
Mechi,88.169,26.6440000000001
Kali Khola,88.1490000000001,26.648
Pali Khola,88.14,26.65
Ninda Khola,88.1200000000001,26.66
Timai,88.0988611110001,26.6596388890001
Nagardubba,88.086083333,26.656138889
Dhukure,88.08,26.655027778
Hadiya,88.075472222,26.65475
Raspandi,88.0642500000001,26.653388889
Phulbasa,88.0585833330001,26.653583333
Debniya,88.0310555560001,26.649805556
Rekha,88.0182777780001,26.649416667
Aaduwa,87.989916667,26.6426666670001
Ghagra,87.9525000000001,26.640833333
Biring,87.93825,26.6405
Surunga,87.9043888890001,26.643638889
Kankai,87.8766944440001,26.6524166670001
Hundrunge,87.8627500000001,26.6587500000001
Sukhani-1,87.8539166670001,26.6582222220001
Sukhani-2,87.8522222220001,26.657222222
Sukhani-3,87.8504444440001,26.655638889
Bhalu Khola,87.8487500000001,26.654194444
Jharana-1,87.8343055560001,26.6501944440001
Jharana-2,87.8305833330001,26.6493333330001
Dudhe - 1,87.8248055560001,26.6481388890001
Dudhe - 2,87.8232222220001,26.647777778
Satasi,87.8153888890001,26.645805556
Jhiljile,87.8071388890001,26.6434722220001
Kamal,87.785138889,26.650527778
Kerakha,87.7656111110001,26.6487777780001
Chyangri,87.7620277780001,26.649527778
Dhangre,87.7539166670001,26.6513055560001
Geuria,87.7271666670001,26.657611111
Ratuwa,87.708333333,26.6530000000001
Dhardhare,87.665638889,26.662277778
Betani,87.662333333,26.662555556
Bhutre,87.649694444,26.663333333
Mawa,87.643361111,26.6637777780001
Mawa Branch,87.6408638890001,26.6638333330001
Bakra,87.61575,26.663361111
Solti,87.6072500000001,26.6652500000001
Sanjhora,87.5881944440001,26.6596111110001
Pathariya,87.5567222220001,26.661111111
Dans,87.5435833330001,26.6607222220001
Morangi,87.5367500000001,26.6607500000001
Chisang 1,87.4936111110001,26.658888889
Chisang 2,87.489583333,26.6588611110001
Chisang Bhangabari,87.447694444,26.658333333
Betna,87.4298055560001,26.658888889
Lohendra,87.410861111,26.660416667
Lalbhitti,87.400277778,26.6657777780001
Sukuna Paini,87.3898333330001,26.6685
Sukuna,87.3887222220001,26.6686388890001
Jharana,87.3736111110001,26.669277778
Madhyali,87.350333333,26.662027778
Mada,87.347833333,26.6612777780001
Malati,87.3348333330001,26.6584722220001
Trijuja Ganeshpur,87.3268611110001,26.6584722220001
Gachhiya,87.318305556,26.658583333
Budhi,87.2871111110001,26.6594166670001
Tengra,87.278611111,26.662
Kheti,87.268333333,26.664472222
Devi Khola,87.242361111,26.6722222220001
Pakali,87.223444444,26.6780833330001
Chatara Canal,87.2054166670001,26.672083333
Jorti,87.167055556,26.6216944440001
Sunsari,87.1292222220001,26.6043888890001
Sukesena,87.1060277780001,26.6015555560001
Khuniya,87.0725833330001,26.6001944440001
Jharuwa - 1,87.058222222,26.599222222
Jharuwa - 2,87.0569722220001,26.599222222
Jamuwa Dhar,87.039777778,26.5981944440001
vanta Bari Khola,86.9662222220001,26.523638889
Sapta Koshi Canal,86.9393055560001,26.523638889
Koshi Barrage,86.9317500000001,26.523111111
Koshi Canal,86.9222888890001,26.5294555560001
Koshighat,86.891972222,26.5500555560001
Portaha,86.8879166670001,26.561611111
Gid Khola - 1,86.8915277780001,26.568833333
Gid Khola - 2,86.8929166670001,26.573277778
Mahuli - 1,86.8956944440001,26.580444444
Bhairawa,86.898638889,26.5875833330001
Sundari - 1,86.9004166670001,26.6064166670001
Sundari Branch,86.9110833330001,26.6291944440001
Chandra canal,86.906944444,26.6353611110001
Sundari,86.88525,26.6453333330001
Bavana,86.862333333,26.6423611110001
Bhaguwa,86.8544166670001,26.643916667
Bandh Khola,86.8434444440001,26.644944444
Rai Khola,86.8417777780001,26.6451111110001
Murkutuwa,86.8370555560001,26.6455
Dumarjou - 1,86.8323055560001,26.6456944440001
Dumarjou - 2,86.832277778,26.6456666670001
Mahuli,86.8184166670001,26.6453611110001
Amsote,86.7905555560001,26.633194444
Gehari,86.7756944440001,26.6296944440001
Dumarjor,86.769694444,26.628222222
Behai,86.7632500000001,26.626555556
Dudhela,86.7368888890001,26.624916667
Khando,86.727861111,26.62625
Tarkana - 3,86.6830000000001,26.6331111110001
Tarkana - 1,86.6783888890001,26.6336388890001
Tarkana - 2,86.6795000000001,26.6334444440001
Phapi,86.6616666670001,26.635805556
Deodhar,86.650916667,26.6369444440001
Lakeshar,86.634388889,26.63895
Kharak,86.6179444440001,26.643083333
Chapin - 1,86.6091388890001,26.645861111
Chapin,86.5965,26.6515000000001
Singeshra,86.5814444440001,26.6582222220001
Amaha,86.5677777780001,26.663083333
Patharwa - 1,86.560222222,26.667916667
Patharwa - 2,86.5575000000001,26.670083333
Suranga,86.540111111,26.683222222
Birdhana,86.537027778,26.6860833330001
Balan,86.511583333,26.7011944440001
Saraswati,86.4317500000001,26.7304444440001
Baburam,86.400027778,26.7554166670001
Patharia - 2,86.3724444440001,26.7755000000001
Kasaha,86.3633611110001,26.7791111110001
Gagan - 1,86.355083333,26.7838055560001
Gagan - 2,86.3525000000001,26.7846666670001
Satpatre,86.342555556,26.787916667
Mainabati,86.3159444440001,26.7999444440001
Ghurmi,86.275305556,26.816583333
Bataha,86.265805556,26.8239444440001
Jiba,86.2389444440001,26.833583333
Mainabati - 2,86.2325277780001,26.835222222
Tetariya,86.2297777780001,26.8360000000001
Dibha,86.210583333,26.845305556
Bhalu,86.2051944440001,26.8507777780001
Sukhalaha,86.2020000000001,26.8560000000001
Bagaha,86.199972222,26.855861111
Bhedhawa,86.184861111,26.8706388890001
Bhulkiya,86.1758611110001,26.8780833330001
Ghatiya,86.1694166670001,26.88025
Baraha,86.1668333330001,26.8811388890001
Kamala Canal,86.151388889,26.883888889
Kamala,86.1431388890001,26.878805556
Amal Khutta,88.0074444440001,26.400583333
Budhjora,88.0290833330001,26.4200277780001
Siso Khola,88.0404166670001,26.4346944440001
Maharani,88.0703611110001,26.477916667
Devniya Branch,88.0700555560001,26.4989722220001
Devniya,88.0696944440001,26.5006111110001
Aapgachhi nadi,88.081694444,26.5117777780001
Jhilmile,88.0849166670001,26.524527778
Sangam chock ko pul,88.0869166670001,26.551305556
Singribhitta,88.0754166670001,26.5966388890001
Charali,88.0546861110001,26.6490000000001
Jhilmile Khola,88.048527778,26.6930833330001
Hardiya - 1,88.0505000000001,26.7277500000001
Hardiya - 2,88.05125,26.7289166670001
Mai Khola,87.9282222220001,26.884722222
Puwa,87.898388889,26.987833333
Nibuwa Khola,87.819138889,27.0499722220001
Hengwa,87.762194444,27.165083333
Kaveli,87.720638889,27.285916667
Khahare,87.7214166670001,27.291944444
Khokse,87.6902777780001,27.3226388890001
Budhi Bridge,87.2794166670001,26.559305556
Nahar (Saptakoshi),87.2731666670001,26.6238888890001
Seuti,87.288944444,26.7578055560001
Nisane,87.3003611110001,26.848694444
Bataha,87.3228333330001,26.8921111110001
Ghante,87.3193055560001,26.894944444
Makhwa,87.3100833330001,26.903055556
Garduwa,87.3055277780001,26.9063333330001
Kharane,87.3087222220001,26.909777778
Loeti,87.311916667,26.9149166670001
Tamor,87.3016388890001,26.928472222
Raduwa,87.3195555560001,26.9657222220001
Patle,87.3158611110001,26.979305556
Bakhre,87.3223055560001,26.985361111
Suklam,86.5335000000001,26.7271111110001
Chahaka Bridge,86.5353888890001,26.7352500000001
Sisubari,86.5739722220001,26.784277778
Jaljale,86.634111111,26.796527778
Marwahi,86.6414444440001,26.7961111110001
Deuri Khola,86.6531388890001,26.7938611110001
Bagaha,86.6560000000001,26.7930000000001
Khaseet Khola,86.6723055560001,26.7852500000001
Triyuga,86.6933888890001,26.783166667
Anderi Bridge,86.743472222,26.922055556
Mechi Bridge,88.0985000000001,26.541944444
Bagdogra,88.0673611110001,26.534
Deoniya,88.0531388890001,26.530861111
Deoniya Holi,88.050166667,26.530027778
Bhusidi,88.0412777780001,26.5286944440001
Danfu,88.0310277780001,26.526666667
Kajala Khola,88.0170277780001,26.5187777780001
Paini,87.9431666670001,26.5053611110001
Gauriya,87.7079444440001,26.4659444440001
Ratuwa Khola,87.6669166670001,26.4590555560001
Budi Bhakra,87.6220277780001,26.445805556
Kajala Khola,87.619861111,26.445694444
Berang,87.5971388890001,26.4483333330001
Larikatti,87.589194444,26.4568333330001
Bakraha,87.5795555560001,26.453
Dainiya Branch,87.5578888890001,26.453055556
